Workbook

Sheet data
A1: DATE | B1: DAY | C1: DAY_TYPE | D1: CATEGORY | E1: DESCRIPTION | F1: AMOUNT | G1: PAYMENT_MODE | H1: DAILY_EXPENSES
A2: 45992 | B2: Thursday | C2: weekday | D2: Food | E2: Lunch | F2: 85 | G2: UPI | H2: =SUMIF(data!A:A, A2, data!F:F) -> 255
A3: 45992 | B3: Thursday | C3: weekday | D3: Food | E3: Dinner | F3: 90 | G3: UPI | H3: =SUMIF(data!A:A, A3, data!F:F) -> 255
A4: 45992 | B4: Thursday | C4: weekday | D4: Food | E4: Snacks | F4: 40 | G4: Cash | H4: =SUMIF(data!A:A, A4, data!F:F) -> 255
A5: 45992 | B5: Thursday | C5: weekday | D5: Travel | E5: Bus fare | F5: 40 | G5: Cash | H5: =SUMIF(data!A:A, A5, data!F:F) -> 255
A6: 45993 | B6: Friday | C6: weekday | D6: Food | E6: Lunch | F6: 80 | G6: UPI | H6: =SUMIF(data!A:A, A6, data!F:F) -> 250
A7: 45993 | B7: Friday | C7: weekday | D7: Food | E7: Dinner | F7: 95 | G7: UPI | H7: =SUMIF(data!A:A, A7, data!F:F) -> 250
A8: 45993 | B8: Friday | C8: weekday | D8: Food | E8: Snacks | F8: 35 | G8: Cash | H8: =SUMIF(data!A:A, A8, data!F:F) -> 250
A9: 45993 | B9: Friday | C9: weekday | D9: Travel | E9: Bus fare | F9: 40 | G9: Cash | H9: =SUMIF(data!A:A, A9, data!F:F) -> 250
A10: 45994 | B10: Saturday | C10: weekend | D10: Food | E10: Lunch | F10: 90 | G10: UPI | H10: =SUMIF(data!A:A, A10, data!F:F) -> 530
A11: 45994 | B11: Saturday | C11: weekend | D11: Food | E11: Dinner | F11: 100 | G11: UPI | H11: =SUMIF(data!A:A, A11, data!F:F) -> 530
A12: 45994 | B12: Saturday | C12: weekend | D12: Travel | E12: Auto fare | F12: 90 | G12: Cash | H12: =SUMIF(data!A:A, A12, data!F:F) -> 530
A13: 45994 | B13: Saturday | C13: weekend | D13: Entertainment | E13: Movie ticket | F13: 250 | G13: UPI | H13: =SUMIF(data!A:A, A13, data!F:F) -> 530
... A100: 46016 | B100: Sunday | C100: weekend | D100: Travel | E100: Cab ride | F100: 200 | G100: UPI | H100: =SUMIF(data!A:A, A100, data!F:F) -> 385
A101: 46017 | B101: Monday | C101: weekday | D101: Food | E101: Lunch | F101: 75 | G101: UPI | H101: =SUMIF(data!A:A, A112, data!F:F) -> 520
A102: 46017 | B102: Monday | C102: weekday | D102: Food | E102: Dinner | F102: 85 | G102: UPI | H102: =SUMIF(data!A:A, A102, data!F:F) -> 230
A103: 46017 | B103: Monday | C103: weekday | D103: Food | E103: Snacks | F103: 30 | G103: Cash | H103: =SUMIF(data!A:A, A103, data!F:F) -> 230
A104: 46017 | B104: Monday | C104: weekday | D104: Travel | E104: Bus fare | F104: 40 | G104: Cash | H104: =SUMIF(data!A:A, A104, data!F:F) -> 230
A105: 46018 | B105: Tuesday | C105: weekday | D105: Food | E105: Lunch | F105: 80 | G105: UPI | H105: =SUMIF(data!A:A, A105, data!F:F) -> 245
A106: 46018 | B106: Tuesday | C106: weekday | D106: Food | E106: Dinner | F106: 90 | G106: UPI | H106: =SUMIF(data!A:A, A106, data!F:F) -> 245
A107: 46018 | B107: Tuesday | C107: weekday | D107: Food | E107: Snacks | F107: 35 | G107: Cash | H107: =SUMIF(data!A:A, A107, data!F:F) -> 245
A108: 46018 | B108: Tuesday | C108: weekday | D108: Travel | E108: Bus fare | F108: 40 | G108: Cash | H108: =SUMIF(data!A:A, A108, data!F:F) -> 245
A109: 46019 | B109: Wednesday | C109: weekday | D109: Food | E109: Lunch | F109: 85 | G109: UPI | H109: =SUMIF(data!A:A, A109, data!F:F) -> 520
A110: 46019 | B110: Wednesday | C110: weekday | D110: Food | E110: Dinner | F110: 95 | G110: UPI | H110: =SUMIF(data!A:A, A110, data!F:F) -> 520
A111: 46019 | B111: Wednesday | C111: weekday | D111: Food | E111: Snacks | F111: 40 | G111: Cash | H111: =SUMIF(data!A:A, A111, data!F:F) -> 520
A112: 46019 | B112: Wednesday | C112: weekday | D112: Travel | E112: Metro recharge | F112: 300 | G112: UPI | H112: =SUMIF(data!A:A, A112, data!F:F) -> 520
A113: 46020 | B113: Thursday | C113: weekday | D113: Food | E113: Lunch | F113: 90 | G113: UPI | H113: =SUMIF(data!A:A, A113, data!F:F) -> 275
... A120: 46021 | B120: Friday | C120: weekday | D120: Travel | E120: Bus fare | F120: 40 | G120: Cash | H120: =SUMIF(data!A:A, A120, data!F:F) -> 245

Sheet HELPER
A1: =data!A1 -> DATE | B1: Daily Total
A2: =data!A2 -> 45992 | B2: =SUMIF(data!A:A, A2, data!F:F) -> 255 | D2: DAY_TYPE | E2: Sum of AMOUNT | G2: CATEGORY | H2: Sum of AMOUNT
A3: =data!A6 -> 45993 | B3: =SUMIF(data!A:A, A3, data!F:F) -> 250 | D3: weekday | E3: 9453 | G3: Academics | H3: 1449
A4: =data!A10 -> 45994 | B4: =SUMIF(data!A:A, A4, data!F:F) -> 530 | D4: weekend | E4: 5080 | G4: Entertainment | H4: 550
A5: =data!A14 -> 45995 | B5: =SUMIF(data!A:A, A5, data!F:F) -> 395 | D5: Grand Total | E5: 14533 | G5: Food | H5: 6170
A6: =data!A17 -> 45996 | B6: =SUMIF(data!A:A, A6, data!F:F) -> 680 | G6: Others | H6: 239
A7: =data!A22 -> 45997 | B7: =SUMIF(data!A:A, A7, data!F:F) -> 245 | G7: Shopping | H7: 3000
A8: =data!A26 -> 45998 | B8: =SUMIF(data!A:A, A8, data!F:F) -> 520 | G8: Travel | H8: 3125
A9: =data!A30 -> 45999 | B9: =SUMIF(data!A:A, A9, data!F:F) -> 275 | G9: Grand Total | H9: 14533
A10: =data!A34 -> 46000 | B10: =SUMIF(data!A:A, A10, data!F:F) -> 1445
A11: =data!A39 -> 46001 | B11: =SUMIF(data!A:A, A11, data!F:F) -> 295
A12: =data!A42 -> 46002 | B12: =SUMIF(data!A:A, A12, data!F:F) -> 395
A13: =data!A45 -> 46003 | B13: =SUMIF(data!A:A, A13, data!F:F) -> 230
A14: =data!A49 -> 46004 | B14: =SUMIF(data!A:A, A14, data!F:F) -> 245
A15: =data!A53 -> 46005 | B15: =SUMIF(data!A:A, A15, data!F:F) -> 520
A16: =data!A57 -> 46006 | B16: =SUMIF(data!A:A, A16, data!F:F) -> 1274
A17: =data!A62 -> 46007 | B17: =SUMIF(data!A:A, A17, data!F:F) -> 245
A18: =data!A66 -> 46008 | B18: =SUMIF(data!A:A, A18, data!F:F) -> 595
A19: =data!A70 -> 46009 | B19: =SUMIF(data!A:A, A19, data!F:F) -> 395
A20: =data!A73 -> 46010 | B20: =SUMIF(data!A:A, A20, data!F:F) -> 230
A21: =data!A77 -> 46011 | B21: =SUMIF(data!A:A, A21, data!F:F) -> 484
A22: =data!A82 -> 46012 | B22: =SUMIF(data!A:A, A22, data!F:F) -> 520
A23: =data!A86 -> 46013 | B23: =SUMIF(data!A:A, A23, data!F:F) -> 275
A24: =data!A90 -> 46014 | B24: =SUMIF(data!A:A, A24, data!F:F) -> 245
A25: =data!A94 -> 46015 | B25: =SUMIF(data!A:A, A25, data!F:F) -> 2090
A26: =data!A98 -> 46016 | B26: =SUMIF(data!A:A, A26, data!F:F) -> 385
A27: =data!A101 -> 46017 | B27: =SUMIF(data!A:A, A27, data!F:F) -> 230
A28: =data!A105 -> 46018 | B28: =SUMIF(data!A:A, A28, data!F:F) -> 245
A29: =data!A109 -> 46019 | B29: =SUMIF(data!A:A, A29, data!F:F) -> 520
A30: =data!A113 -> 46020 | B30: =SUMIF(data!A:A, A30, data!F:F) -> 275
A31: =data!A117 -> 46021 | B31: =SUMIF(data!A:A, A31, data!F:F) -> 245

Sheet Dashboard
A1: EXPENSE ANALYSIS DASHBOARD
F4: =SUM(data!F1:F120) -> 14533
F5: Total Monthly Spend
F7: =AVERAGE(HELPER!B:B) -> 484.43333
F8: Average Daily Spend
F10: =INDEX(HELPER!A:A, MATCH(MAX(HELPER!B:B), HELPER!B:B, 0)) -> 46015
F11: Highest Spending Day
F13: {=INDEX(data!D:D, MATCH(MAX(data!F:F),data!F:F), 0)} -> Travel
F14: Top Spending Category
